,会社名,みなし残業等,URL
0,,,
1,株式会社リクルートスタッフィング,なし,"<selenium.webdriver.remote.webelement.WebElement (session=""5b1dc5a0f976f4c101d3d567ea478326"", element=""601b5290-95b3-4d5c-b3f5-0e5975f9ba98"")>"
2,株式会社リクルートスタッフィング,なし,"<selenium.webdriver.remote.webelement.WebElement (session=""5b1dc5a0f976f4c101d3d567ea478326"", element=""0b27974f-eb90-4178-9091-bfc6f6534fe6"")>"
3,株式会社GSI,なし,"<selenium.webdriver.remote.webelement.WebElement (session=""5b1dc5a0f976f4c101d3d567ea478326"", element=""8a6c5e89-cbba-42da-9ef0-14200914e6b5"")>"
4,株式会社リクルートスタッフィング情報サービス,なし,"<selenium.webdriver.remote.webelement.WebElement (session=""5b1dc5a0f976f4c101d3d567ea478326"", element=""b8a5331e-3aca-4f47-9656-b5ca7e1f7992"")>"
5,株式会社リクルートスタッフィング,なし,"<selenium.webdriver.remote.webelement.WebElement (session=""5b1dc5a0f976f4c101d3d567ea478326"", element=""4647eab2-2158-4ee9-b562-8876427ec21f"")>"
6,Evand株式会社,有り,"<selenium.webdriver.remote.webelement.WebElement (session=""5b1dc5a0f976f4c101d3d567ea478326"", element=""61e82851-4cd3-4b94-8daa-b87fe0b7ab17"")>"
7,株式会社アンスール,有り,"<selenium.webdriver.remote.webelement.WebElement (session=""5b1dc5a0f976f4c101d3d567ea478326"", element=""9f3c422d-1c61-4904-a2e3-14a4d4f66008"")>"
8,株式会社SHIFT,有り,"<selenium.webdriver.remote.webelement.WebElement (session=""5b1dc5a0f976f4c101d3d567ea478326"", element=""7436cf16-ce36-4fb6-883b-ce7af92f97a3"")>"
9,株式会社ティーネットジャパン,有り,"<selenium.webdriver.remote.webelement.WebElement (session=""5b1dc5a0f976f4c101d3d567ea478326"", element=""67a80fd0-7eab-4ada-9571-70758124752d"")>"
10,株式会社セラク,有り,"<selenium.webdriver.remote.webelement.WebElement (session=""5b1dc5a0f976f4c101d3d567ea478326"", element=""6ee1891b-e9ba-46d3-a0b7-23087030fd1e"")>"
11,株式会社アイティーシー,なし,"<selenium.webdriver.remote.webelement.WebElement (session=""5b1dc5a0f976f4c101d3d567ea478326"", element=""299b01b6-845a-4de0-a937-909a635467b0"")>"
12,株式会社ヴィンクス,なし,"<selenium.webdriver.remote.webelement.WebElement (session=""5b1dc5a0f976f4c101d3d567ea478326"", element=""5972a01f-5075-4658-981e-7ba4d77109e0"")>"
13,株式会社レインオンファニー,有り,"<selenium.webdriver.remote.webelement.WebElement (session=""5b1dc5a0f976f4c101d3d567ea478326"", element=""b7ee50d1-5575-456e-ad2f-2b1ef4a59356"")>"
14,マンパワーグループ株式会社,有り,"<selenium.webdriver.remote.webelement.WebElement (session=""5b1dc5a0f976f4c101d3d567ea478326"", element=""cbebeee0-33a8-42d3-bdcd-9f6883673d56"")>"
15,株式会社リクルートスタッフィング,なし,"<selenium.webdriver.remote.webelement.WebElement (session=""5b1dc5a0f976f4c101d3d567ea478326"", element=""aba0914f-6451-441b-bffd-fa056f4bff02"")>"
16,株式会社リクルートスタッフィング,なし,"<selenium.webdriver.remote.webelement.WebElement (session=""5b1dc5a0f976f4c101d3d567ea478326"", element=""b030cd8c-a50b-4497-ba20-e75998a08f68"")>"
17,株式会社リクルートスタッフィング,なし,"<selenium.webdriver.remote.webelement.WebElement (session=""5b1dc5a0f976f4c101d3d567ea478326"", element=""095fdafc-56a8-4295-9957-c8b4ad2ddc97"")>"
18,ジャパニアス株式会社,なし,"<selenium.webdriver.remote.webelement.WebElement (session=""5b1dc5a0f976f4c101d3d567ea478326"", element=""cc83cba5-471f-4c95-98b5-7deb24f3e3fe"")>"
19,株式会社リクルートスタッフィング,なし,"<selenium.webdriver.remote.webelement.WebElement (session=""5b1dc5a0f976f4c101d3d567ea478326"", element=""eedfecd0-77ac-4e87-b58d-ee0db088bd20"")>"
20,株式会社セルア,なし,"<selenium.webdriver.remote.webelement.WebElement (session=""5b1dc5a0f976f4c101d3d567ea478326"", element=""d948fa18-ae0b-4719-8347-9c4646d61c74"")>"
21,株式会社テクノプロ,なし,"<selenium.webdriver.remote.webelement.WebElement (session=""5b1dc5a0f976f4c101d3d567ea478326"", element=""7fd35fd9-a83a-4f57-83ae-3be89f1f53aa"")>"
22,Earth Technology株式会社,なし,"<selenium.webdriver.remote.webelement.WebElement (session=""5b1dc5a0f976f4c101d3d567ea478326"", element=""d17c8919-6ea9-44bb-9f6a-4f0905c3b358"")>"
23,ジャパニアス株式会社,なし,"<selenium.webdriver.remote.webelement.WebElement (session=""5b1dc5a0f976f4c101d3d567ea478326"", element=""84f8a4e6-a433-433d-af3c-06bb10bb95a0"")>"
24,株式会社テクノプロ,なし,"<selenium.webdriver.remote.webelement.WebElement (session=""5b1dc5a0f976f4c101d3d567ea478326"", element=""2c2e7eaf-2124-439c-9f27-fbcd87630712"")>"
25,株式会社ベオスアイティーホールディングス,なし,"<selenium.webdriver.remote.webelement.WebElement (session=""5b1dc5a0f976f4c101d3d567ea478326"", element=""088ad845-adab-45cf-934c-6ef4c12a5f51"")>"
26,一風騎士ホールディングス株式会社,有り,"<selenium.webdriver.remote.webelement.WebElement (session=""5b1dc5a0f976f4c101d3d567ea478326"", element=""4163d4ba-873c-435e-854f-b59bb7cc2f96"")>"
27,株式会社リクルートスタッフィング,なし,"<selenium.webdriver.remote.webelement.WebElement (session=""5b1dc5a0f976f4c101d3d567ea478326"", element=""9311a47e-a8a3-4b69-aa4a-36637720f854"")>"
28,株式会社リクルートスタッフィング,なし,"<selenium.webdriver.remote.webelement.WebElement (session=""5b1dc5a0f976f4c101d3d567ea478326"", element=""01496759-451f-4ba5-86a6-cbf103137a96"")>"
29,株式会社リクルートスタッフィング,なし,"<selenium.webdriver.remote.webelement.WebElement (session=""5b1dc5a0f976f4c101d3d567ea478326"", element=""a127dd45-a3cf-4a64-b0af-3aa706298220"")>"
30,株式会社ウィルオブ・コンストラクション,有り,"<selenium.webdriver.remote.webelement.WebElement (session=""5b1dc5a0f976f4c101d3d567ea478326"", element=""74568bcf-6a85-4305-884e-eb07408354de"")>"
31,フォーザウィン株式会社,有り,"<selenium.webdriver.remote.webelement.WebElement (session=""5b1dc5a0f976f4c101d3d567ea478326"", element=""2f0c55ce-af8e-43cf-8c2b-fc12767f0b02"")>"
32,フォーザウィン株式会社,有り,"<selenium.webdriver.remote.webelement.WebElement (session=""5b1dc5a0f976f4c101d3d567ea478326"", element=""ac71cdb8-f2f7-444f-9157-d8a04aa86de9"")>"
33,フォーザウィン株式会社,有り,"<selenium.webdriver.remote.webelement.WebElement (session=""5b1dc5a0f976f4c101d3d567ea478326"", element=""949e98fa-a964-4b12-9b31-0b7806587cbc"")>"
34,フォーザウィン株式会社,有り,"<selenium.webdriver.remote.webelement.WebElement (session=""5b1dc5a0f976f4c101d3d567ea478326"", element=""b0241a72-771b-4a1c-8c0d-aadb24e9eb2e"")>"
35,株式会社アウトソーシングテクノロジー,なし,"<selenium.webdriver.remote.webelement.WebElement (session=""5b1dc5a0f976f4c101d3d567ea478326"", element=""c98a3740-9497-4fa4-a187-54da0213de76"")>"
36,トーテックアメニティ株式会社,なし,"<selenium.webdriver.remote.webelement.WebElement (session=""5b1dc5a0f976f4c101d3d567ea478326"", element=""0d904ccb-3c81-49cb-be33-08a42d937a88"")>"
37,株式会社レクシス,なし,"<selenium.webdriver.remote.webelement.WebElement (session=""5b1dc5a0f976f4c101d3d567ea478326"", element=""9648a15a-39ad-4cc4-89ac-9b8c801db5cc"")>"
38,株式会社アクロビジョン,有り,"<selenium.webdriver.remote.webelement.WebElement (session=""5b1dc5a0f976f4c101d3d567ea478326"", element=""20c07f56-700f-49a0-abfe-2bf76354d401"")>"
39,コムテック株式会社,なし,"<selenium.webdriver.remote.webelement.WebElement (session=""5b1dc5a0f976f4c101d3d567ea478326"", element=""df2c07b2-be9b-443e-ac46-a85bf48d1060"")>"
40,CLINKS株式会社,なし,"<selenium.webdriver.remote.webelement.WebElement (session=""5b1dc5a0f976f4c101d3d567ea478326"", element=""754ec726-2b4f-4d1e-8829-7f3d5ac061db"")>"
41,稟株式会社,有り,"<selenium.webdriver.remote.webelement.WebElement (session=""5b1dc5a0f976f4c101d3d567ea478326"", element=""cb8d7ebc-31a2-489f-b7f4-d20e4e722cbb"")>"
42,株式会社リクルートスタッフィング情報サービス,なし,"<selenium.webdriver.remote.webelement.WebElement (session=""5b1dc5a0f976f4c101d3d567ea478326"", element=""abdd49a3-a0f7-4eed-b5d6-817a53dbcb0e"")>"
43,株式会社フジワーク,なし,"<selenium.webdriver.remote.webelement.WebElement (session=""5b1dc5a0f976f4c101d3d567ea478326"", element=""9d071bfb-e747-4f58-9377-9ca3d5e91917"")>"
44,株式会社セラク,有り,"<selenium.webdriver.remote.webelement.WebElement (session=""5b1dc5a0f976f4c101d3d567ea478326"", element=""ca30c758-c054-4e2d-a63b-4360e028e3fb"")>"
45,株式会社リクルートスタッフィング情報サービス,なし,"<selenium.webdriver.remote.webelement.WebElement (session=""5b1dc5a0f976f4c101d3d567ea478326"", element=""02edbd24-4dc2-4f18-9247-714d0a57c9ec"")>"
46,株式会社インビリティー,なし,"<selenium.webdriver.remote.webelement.WebElement (session=""5b1dc5a0f976f4c101d3d567ea478326"", element=""0c86b332-083c-40b5-86d1-508dfa001ad1"")>"
47,株式会社セラク,有り,"<selenium.webdriver.remote.webelement.WebElement (session=""5b1dc5a0f976f4c101d3d567ea478326"", element=""14cc846e-8fb9-4d03-86b7-144cd7762771"")>"
48,コムテック株式会社,なし,"<selenium.webdriver.remote.webelement.WebElement (session=""5b1dc5a0f976f4c101d3d567ea478326"", element=""f58626b1-8a6b-4cd0-9050-2e7940dff7f1"")>"
49,株式会社どうとんぼり神座,なし,"<selenium.webdriver.remote.webelement.WebElement (session=""5b1dc5a0f976f4c101d3d567ea478326"", element=""b781bcc0-04e1-4873-9a1b-01188005acd3"")>"
50,株式会社 ＨＡＬ,なし,"<selenium.webdriver.remote.webelement.WebElement (session=""5b1dc5a0f976f4c101d3d567ea478326"", element=""99ffa81e-6a25-4af7-a28f-d67a9e29d0b3"")>"
51,株式会社アスパーク,なし,"<selenium.webdriver.remote.webelement.WebElement (session=""5b1dc5a0f976f4c101d3d567ea478326"", element=""6ee71cd7-8c9d-44c3-abe5-945c7a483c0c"")>"
52,株式会社ディ・アイ・システム,なし,"<selenium.webdriver.remote.webelement.WebElement (session=""5b1dc5a0f976f4c101d3d567ea478326"", element=""56264fab-ec7b-4eca-84c9-4035d7f1f723"")>"
53,株式会社ディ・アイ・システム,なし,"<selenium.webdriver.remote.webelement.WebElement (session=""5b1dc5a0f976f4c101d3d567ea478326"", element=""1874f249-347a-411d-a871-ffaf61b59f93"")>"
54,株式会社KAMING,有り,"<selenium.webdriver.remote.webelement.WebElement (session=""5b1dc5a0f976f4c101d3d567ea478326"", element=""19d0709d-44f8-4df0-8930-f4f7d73ceae2"")>"
55,フルウィル株式会社,有り,"<selenium.webdriver.remote.webelement.WebElement (session=""5b1dc5a0f976f4c101d3d567ea478326"", element=""afd45bfc-31ed-416f-8caf-e53ef6d108d2"")>"
56,株式会社NEFコミュニケーションズ,なし,"<selenium.webdriver.remote.webelement.WebElement (session=""5b1dc5a0f976f4c101d3d567ea478326"", element=""0e4bfd22-8c53-4128-b1d8-f680d15ce60b"")>"
57,株式会社日本テクノス,有り,"<selenium.webdriver.remote.webelement.WebElement (session=""5b1dc5a0f976f4c101d3d567ea478326"", element=""6c482fbc-163b-4402-b228-a042d92abc48"")>"
58,アイアール株式会社,有り,"<selenium.webdriver.remote.webelement.WebElement (session=""5b1dc5a0f976f4c101d3d567ea478326"", element=""35c1d905-38bb-4fd1-9627-1613d9bf21ce"")>"
59,東亜システム株式会社,なし,"<selenium.webdriver.remote.webelement.WebElement (session=""5b1dc5a0f976f4c101d3d567ea478326"", element=""92a50034-8e9b-4187-9044-7b57d4df7270"")>"
60,サービス＆セキュリティ株式会社,なし,"<selenium.webdriver.remote.webelement.WebElement (session=""5b1dc5a0f976f4c101d3d567ea478326"", element=""e2fd3197-47f0-4516-a81b-4d93c1c8f3e3"")>"
61,株式会社サンユ情報システム,なし,"<selenium.webdriver.remote.webelement.WebElement (session=""5b1dc5a0f976f4c101d3d567ea478326"", element=""92906d69-0a0d-4098-a103-33e0878c3f33"")>"
62,ソフトマックス株式会社,なし,"<selenium.webdriver.remote.webelement.WebElement (session=""5b1dc5a0f976f4c101d3d567ea478326"", element=""db7c8ac4-91a0-4408-9127-d206b9077be8"")>"
63,株式会社テクニカルバイブル,なし,"<selenium.webdriver.remote.webelement.WebElement (session=""5b1dc5a0f976f4c101d3d567ea478326"", element=""45bb5204-7f0d-46e8-aba5-3329cc91e0da"")>"
64,株式会社 ＨＡＬ,有り,"<selenium.webdriver.remote.webelement.WebElement (session=""5b1dc5a0f976f4c101d3d567ea478326"", element=""46d3563d-6937-464a-a7f1-39ccc90a67f9"")>"
65,アコードワークス株式会社,なし,"<selenium.webdriver.remote.webelement.WebElement (session=""5b1dc5a0f976f4c101d3d567ea478326"", element=""8897a965-96a3-44bd-a4f8-eee0dcbf2ec8"")>"
66,ヒューマンリソシア株式会社,なし,"<selenium.webdriver.remote.webelement.WebElement (session=""5b1dc5a0f976f4c101d3d567ea478326"", element=""72ad462d-1e52-445d-ba02-b5318f4b867b"")>"
67,AZURE・PLUS株式会社,有り,"<selenium.webdriver.remote.webelement.WebElement (session=""5b1dc5a0f976f4c101d3d567ea478326"", element=""634066ec-6efb-412e-af7f-bb8598e959ff"")>"
68,株式会社トラウム,なし,"<selenium.webdriver.remote.webelement.WebElement (session=""5b1dc5a0f976f4c101d3d567ea478326"", element=""97eab7bb-9c45-4859-ab1a-a61af452812b"")>"
69,株式会社コンタクト,有り,"<selenium.webdriver.remote.webelement.WebElement (session=""5b1dc5a0f976f4c101d3d567ea478326"", element=""298e3b90-35ac-451d-8b08-6e67c0ef6872"")>"
70,株式会社セレクティ,なし,"<selenium.webdriver.remote.webelement.WebElement (session=""5b1dc5a0f976f4c101d3d567ea478326"", element=""17d9e946-5bff-4cb7-8355-767990611850"")>"
71,株式会社システムエンジニアサービス,なし,"<selenium.webdriver.remote.webelement.WebElement (session=""5b1dc5a0f976f4c101d3d567ea478326"", element=""7fbb4ccd-87eb-4729-a397-564e6a549394"")>"
72,株式会社トスコ,なし,"<selenium.webdriver.remote.webelement.WebElement (session=""5b1dc5a0f976f4c101d3d567ea478326"", element=""f57b6e3a-c12a-4777-a588-ac87ac050064"")>"
73,株式会社ビジネストラスト,なし,"<selenium.webdriver.remote.webelement.WebElement (session=""5b1dc5a0f976f4c101d3d567ea478326"", element=""cea19842-7cea-45fb-81d2-e9b6d5933afe"")>"
74,株式会社ヨドック,なし,"<selenium.webdriver.remote.webelement.WebElement (session=""5b1dc5a0f976f4c101d3d567ea478326"", element=""fa8b4f33-0ba5-4ccc-a033-05345bc1f2ca"")>"
75,コムスイート株式会社,なし,"<selenium.webdriver.remote.webelement.WebElement (session=""5b1dc5a0f976f4c101d3d567ea478326"", element=""353d49a5-ac2e-48f1-a81f-73a7b1cf13a7"")>"
76,nmsエンジニアリング株式会社,有り,"<selenium.webdriver.remote.webelement.WebElement (session=""5b1dc5a0f976f4c101d3d567ea478326"", element=""52ef942d-09b0-4b29-9ca2-8926186b022d"")>"
77,株式会社I2C,有り,"<selenium.webdriver.remote.webelement.WebElement (session=""5b1dc5a0f976f4c101d3d567ea478326"", element=""0538006c-5625-45a4-a20c-c5c020c347da"")>"
78,株式会社PPFパートナーズ,なし,"<selenium.webdriver.remote.webelement.WebElement (session=""5b1dc5a0f976f4c101d3d567ea478326"", element=""dcaf2569-a1bf-4ed0-8e03-4193e0a1b88c"")>"
79,株式会社日本テクノス,有り,"<selenium.webdriver.remote.webelement.WebElement (session=""5b1dc5a0f976f4c101d3d567ea478326"", element=""0e74819c-78d9-477e-b97d-5aff20a0b0c2"")>"
80,アクセンチュア株式会社,有り,"<selenium.webdriver.remote.webelement.WebElement (session=""5b1dc5a0f976f4c101d3d567ea478326"", element=""3d01315a-567e-4e21-a270-751475375346"")>"
81,株式会社ビジョンクリエイト,なし,"<selenium.webdriver.remote.webelement.WebElement (session=""5b1dc5a0f976f4c101d3d567ea478326"", element=""2c66e0ca-678c-4f21-b1f2-6105fb42b56a"")>"
82,株式会社静岡朝日テレビ,なし,"<selenium.webdriver.remote.webelement.WebElement (session=""5b1dc5a0f976f4c101d3d567ea478326"", element=""aa3b9efb-d3dd-45ca-82fa-4748b1ead588"")>"
83,株式会社静岡朝日テレビ,なし,"<selenium.webdriver.remote.webelement.WebElement (session=""5b1dc5a0f976f4c101d3d567ea478326"", element=""00586669-1c13-4f3b-928c-c8d82777b844"")>"
84,株式会社ブレーンナレッジシステムズ,有り,"<selenium.webdriver.remote.webelement.WebElement (session=""5b1dc5a0f976f4c101d3d567ea478326"", element=""5912aee6-509a-4d24-9c9d-a48b62121054"")>"
85,株式会社チェルト,有り,"<selenium.webdriver.remote.webelement.WebElement (session=""5b1dc5a0f976f4c101d3d567ea478326"", element=""c16dd9ed-64cf-42eb-86d1-7f398e33739d"")>"
